{
  "project_info": {
    "project_number": "854623270398",
    "project_id": "fir-authall-8be86",
    "storage_bucket": "fir-authall-8be86.appspot.com"
  },
  "client": [
    {
      "client_info": {
        "mobilesdk_app_id": "1:854623270398:android:6ca0a14b5c2d602695bcaf",
        "android_client_info": {
          "package_name": "com.example.myapplication"
        }
      },
      "oauth_client": [
        {
          "client_id": "854623270398-hqh2s9ajcpdjqnpgmihvagt5cbca1l6k.apps.googleusercontent.com",
          "client_type": 1,
          "android_info": {
            "package_name": "com.example.myapplication",
            "certificate_hash": "d4e5674bd0be4a292169334205d00f25f0d83b60"
          }
        },
        {
          "client_id": "854623270398-9dqbm29303s1p6h2784881onfb43ulhd.apps.googleusercontent.com",
          "client_type": 3
        }
      ],
      "api_key": [
        {
          "current_key": "AIzaSyCynrzEatNcAg9Kt-VXir3omDgy9D8hkU0"
        }
      ],
      "services": {
        "appinvite_service": {
          "other_platform_oauth_client": [
            {
              "client_id": "854623270398-9dqbm29303s1p6h2784881onfb43ulhd.apps.googleusercontent.com",
              "client_type": 3
            }
          ]
        }
      }
    }
  ],
  "configuration_version": "1"
}